,URL
0,www.absoluteswimwear.com
1,www.adaweb.com
2,www.adultnewsstand.com
3,www.adventureangling.com
4,www.adventureangling.com/chd/webring.htm
5,affiliateprogram.com
6,www.al-bushra.org
7,www.al-bushra.org/Iraq/0iraq.htm
8,www.al-bushra.org/latpatra/christians.htm
9,www.al-bushra.org/palestine/0palestine.htm
10,www.allahsassurance.com
11,www.all-bathing-suits-and-swim-suits.com
12,www.alpha-tiles.com
13,www.al-shia.com
14,world.altavista.com
15,www.altern.org
16,www.amigo.cz
17,www.amnesty.org/ailib/intcam/saudi/briefing/8.html
18,www.amnesty.org/ailib/intcam/saudi/issues/torture.html
19,www.amnesty.org/ailib/intcam/saudi/issues/polpris.html
20,www.amnesty.org/ailib/intcam/saudi/issues/mspr.html
21,www.amnesty.org/ailib/intcam/saudi/issues/migrant.html
22,www.amnesty.org/ailib/intcam/saudi/issues/main.html
23,www.amnesty.org/ailib/intcam/saudi/issues/dp.html
24,www.amnesty.org/ailib/intcam/saudi/briefing/9.html
25,www.amnesty.org/ailib/intcam/saudi/briefing/7.html
26,www.amnesty.org/ailib/intcam/saudi/briefing/5.html
27,www.amnesty.org/ailib/intcam/saudi/briefing/3.html
28,www.amnesty.org/ailib/intcam/saudi/briefing/2.html
29,www.amnesty.org/ailib/intcam/saudi/briefing/1.html
30,www.amnesty.org/ailib/intcam/saudi/appeals/muha.html
31,www.amnesty.org/ailib/intcam/saudi/report.html
32,www.amnesty.org/ailib/intcam/saudi
33,www.amnesty.org/ailib/intcam/saudi/briefing/6.html
34,www.amnesty.org/ailib/intcam/saudi/appeals/hani.html
35,www.amnesty.org/ailib/intcam/saudi/briefing/4.html
36,www.amnesty-usa.org/countries/saudi_arabia/morenewsandreports.html
37,www.amnesty-usa.org/countries/saudi_arabia
38,www.anahena.com/home.html
39,www.anahena.com
40,www.ancientweb.com
41,www.angelfire.com/fl5/SOLIDROCK/photo/photo.html
42,www.angelfire.com/ca2/queermuslims
43,www.angelfire.com/fl5/SOLIDROCK
44,www.angels-sexy-bikini.com
45,www.anonymize.net
46,www.anonymizer.com
47,pub.anonymizer.com/~3000ad
48,pub.anonymizer.com
49,pub.anonymizer.com/~3000ad/Jubilee_3000_Letter.html
50,www.ivillage.comwww.anonymizer.com
51,www.anonymousaccess.net
52,answering-islam.org/Hoaxes
53,answering-islam.org/Testimonies
54,answering-islam.org/Women/inislam.html
55,answering-islam.org/Nehls/Ask/war.html
56,answering-islam.org/Nehls/Ask
57,answering-islam.org/Gilchrist/Vol1/7c.html
58,answering-islam.org/Gilchrist/eid.html
59,answering-islam.org
60,answering-islam.org/Index/S/shiite.html
61,answering-islam.org/Gilchrist/Vol1/3d.html
62,answering-islam.org/BehindVeil/btv2.html
63,answering-islam.org/Gilchrist
64,www.answering-islam.org/Hoaxes/offa.html
65,www.answering-islam.org/Gilchrist/eid.html
66,www.answering-islam.org
67,www.antifart.com
68,www.anus.com/altar
69,www.anus.com/altar/index.html
70,www.anus.com/mock
71,www.anus.com
72,www.anus.com/altar/worlds.html
73,www.anythingthatmoves.com
74,members.aol.com/AdamA97/adam.html
75,members.aol.com/AlHaqq4u/womeng.html
76,members.aol.com/runes3/mission.htm
77,members.aol.com/runes3/burn.htm
78,members.aol.com/alnour
79,hometown.aol.com/ladysaudia
80,www.apexsid.com
81,www.apostikane.com
82,www.arabicbible.com/bible/pdf_bible.htm
83,www.arabicbible.com/islam/christian_doctrine.htm
84,www.arabicbible.com/ac/saudi/saudi.htm
85,www.arabicbible.com
86,www.arabicbible.org
87,www.arelationshipplaceformarriageandfamilycounseling.com
88,www.arelationshipplaceformarriageandfamilycounseling.com/ family.html
89,art.net/TheGallery/Vision/dov3.htm
90,art.net
91,artscenechina.com
92,www.asan.com/users/kangaroo/suicide.htm
93,www.asan.com/users/kangaroo/suicide.htm?
94,www.asshole.org
95,www.assirat.org/mag
96,www.assirat.org
97,avalonusa.com
98,www.avizora.com/directorio/ Computacion_buscadores_4.htm
99,www.avizora.com/directorio/ Computacion_buscadores_4.htm
100,gaytoday.badpuppy.com
101,www.bahai.com/thebahais
102,www.bahai.com/writings
103,www.bahai.com/losbahais
104,www.bahai.com/ibahai
105,www.bahai.com
106,library.bahai.org
107,www.ca.bahai.org
108,www.bic-un.bahai.org
109,www.bahai.org/section5.html
110,www.bahai.org
111,bangkokbordello.com
112,www.bayswan.org
113,www.bayswan.org/penet.html
114,www.gayvancouver.bc.ca
115,www.gayvancouver.bc.ca/camcc
116,www.bcmarijuanaparty.ca
117,www.beachcatalog.com
118,www.beachqueen.com
119,www.beanbag1.com
120,www.bestswimwear.com
121,smbi.bi.org
122,www.bikinibrazil.net
123,www.bikiniclub.com
124,www.bikini-direct.com
125,www.bikinis4u.com
126,feelingsexy.binnaburrafilm.com
127,home.bip.net
128,home.bip.net/hyla/legacy
129,home.bip.net/hyla/legacy/04.htm
130,host.bip.net/javed/Eid-Card1.htm
131,home.bip.net/hyla/legacy/06.htm
132,home.bip.net/hyla
133,host.bip.net
134,www.bitey.com
135,shanmonster.bla-bla.com/witch/jews.html
136,shanmonster.bla-bla.com
137,www.blameitonrio.com
138,www.bloodandguts.com
139,blueskyswimwear.com
140,www.BmeWorld.com/gailcat/index.html
141,www.BmeWorld.com
142,www.bodyelectric.org
143,www.boyorgirl.com/names.htm
144,www.boyorgirl.com
145,www.boyorgirl.com/predict3.htm
146,www.brightlightsfilm.com
147,www.brightlightsfilm.com/16/jean.html
148,www.brushcreek.com
149,www.brutal.com
150,www.burningflags.com
151,www.businessquest.com/soaringspirit.htm
152,www.businessquest.com
153,www.businessquest.com
154,www.cabaretx.com
155,cacheeraser.com
156,www.cadaverinc.com
157,www.calvarybible-efree.com
158,www.cannabis.com
159,www.cannabisculture.com/whatsnew/jan7
160,www.cannabisculture.com/library/misc/arthrology.html
161,www.cannabisculture.com
162,www.cannabisnews.com/news/thread46.shtml
163,www.cannabisnews.com
164,www.cannabisnews.com/news/10/thread10151.shtml
165,www.channels.nl/amsterdam/annefran.html
166,www.charlestoncitypaper.com
167,www.cheeo.com/medical_marijuana.htm
168,www.cheeo.com
169,www.china-apsis.com
170,www.chinasite.com
171,www.chinawxp.com
172,chippy.com
173,choicemall.com/cgi-bin/tame/amfmrecords.com/index.tam
174,choicemall.com
175,www.cityofchoctaw.org/library
176,www.cityofchoctaw.org
177,www.ciudadfutura.com
178,www.ciudadfutura.com/derechosautor.html
179,www.ciudadfutura.com/publicidad.cfm
180,amistad.ciudadfutura.com/colaborar
181,informatica.ciudadfutura.com
182,informatica.ciudadfutura.com/fondos
183,informatica.ciudadfutura.com/software
184,amistad.ciudadfutura.com
185,informatica.ciudadfutura.com/gratis/Buscadores.xls
186,www.rumcyf.cjb.net
187,www.fuckhubbard.cjb.net
188,rendon.cjb.net
189,ottawamessianic.cjb.net
190,www.kobi-israel.co.il/Pages/photogallery.html
191,www.kobi-israel.co.il
192,english.nana.co.il
193,members.iol.co.il/noahostel
194,members.iol.co.il
195,www.megastar.co.uk
196,www.xxxxx.dircon.co.uk/Cart
197,www.the-sun.co.uk
198,www.demon.co.uk/kdm/hscope1.html
199,www.demon.co.uk/kdm/telord.html
200,www.erotic-awards.co.uk
201,www.erotic-awards.co.uk/default.htm
202,www.xxxxx.dircon.co.uk
203,www.xxxxx.dircon.co.uk/Cart/intro.htm
204,www.xxxxx.dircon.co.uk/Cart/index.htm
205,www.lovenet.co.uk
206,www.qxmag.co.uk
207,www.photos.fsbusiness.co.uk
208,www.redhotbikini.co.uk
209,www.stlukes-school.co.uk
210,www.alquds.co.uk
211,www.cocaine.org
212,www.cocaine.org/rock.html
213,movie-reviews.colossus.net
214,movie-reviews.colossus.net/movies/l/leopard.html
215,www.ozemail.com.au/~kennsj/smamb/samnmax.html
216,www.ozemail.com.au/~sjdando
217,www.ozemail.com.au/~prullman/psp
218,www.ozemail.com.au/~phopwood
219,www.ozemail.com.au/~philcam
220,www.ozemail.com.au/~phcs
221,www.ozemail.com.au/~ozed12
222,www.ozemail.com.au/~sllandec
223,www.ozemail.com.au/~loren
224,www.ozemail.com.au/~famsy
225,www.ozemail.com.au/~hmag
226,www.ozemail.com.au/~gerhardy/sermon.htm
227,www.ozemail.com.au/~gerhardy/index.html
228,www.ozemail.com.au/~gavos/LCBC.html
229,www.ozemail.com.au/~fengshui
230,www.ozemail.com.au/~newcov
231,members.ozemail.com.au/~fouad
232,members.ozemail.com.au/~wfnev/content.htm
233,members.ozemail.com.au/~wfnev
234,members.ozemail.com.au/~vinmail
235,members.ozemail.com.au/~tcdc/tp.html
236,members.ozemail.com.au/~tcdc
237,members.ozemail.com.au/~stewil
238,members.ozemail.com.au/~mghslib
239,members.ozemail.com.au/~domiel/ lainewsletter/news0104E.htm
240,members.ozemail.com.au/~gerhardy
241,members.ozemail.com.au/~domiel/disclaimers.htm
242,members.ozemail.com.au/~fengshui/help.html
243,www.ozemail.com.au/~stmichbh
244,members.ozemail.com.au/~fengshui
245,www.ozemail.com.au/~alzsa
246,members.ozemail.com.au/~famsy
247,www.ozemail.com.au/~ksolway/j14.html
248,www.ozemail.com.au/~stfranpaddo
249,members.ozemail.com.au/~gerhardy/home.htm
250,www.ozemail.com.au/~maxhogg/church.html
251,www.ozemail.com.au/~wcgaus
252,www.ozemail.com.au/~wpsda
253,homepages.tig.com.au/~mcgarry/paul/chunder.htm
254,www.ozemail.com.au/~curtotti/actbahai.html
255,www.ozemail.com.au/~csurfers
256,www.ozemail.com.au/~cohnmat/bpsy.html
257,www.ozemail.com.au/~vkitten
258,www.ozemail.com.au/~chcmelb
259,www.ozemail.com.au/~cnelson
260,www.ozemail.com.au/~cbsm
261,www.ozemail.com.au/~cammus
262,www.ozemail.com.au/~brigcoll
263,www.ozemail.com.au/~areb/boxhill.htm
264,www.ozemail.com.au/~adamgosp/heifer.htm
265,www.ozemail.com.au/~adamgosp/home.htm
266,www.ozemail.com.au/~adamgosp/lastdays.htm
267,www.ozemail.com.au/~fac
268,www.ozemail.com.au/~dgroen/hbt/index.htm
269,www.ozemail.com.au/~dvl/paog.htm
270,www.ozemail.com.au/~domiel
271,www.ozemail.com.au/~toronto
272,www.ozemail.com.au/~curtotti/ap/ap.html
273,members.ozemail.com.au/~dgroen/infopage.htm
274,members.ozemail.com.au/~dgroen
275,members.ozemail.com.au/~cohnmat/bpsy.html
276,members.ozemail.com.au/~cnelson/freeprog.htm
277,www.ozemail.com.au/~tcdc/index.html
278,members.ozemail.com.au/~cnelson/email.htm
279,members.ozemail.com.au/~cbsm
280,www.ozemail.com.au/~stpaul
281,members.ozemail.com.au
282,www.acquaecia.com.br/index-eng.htm
283,www.gazetadopovo.com.br
284,www.oglobo.com.br
285,www.epoca.com.br
286,www.gazeta-oam.com.br
287,www.redegazeta.com.br
288,www.acquaecia.com.br
289,www.sergay.com.mx
290,www.compupix.com/gay/havurah.htm
291,ourworld.compuserve.com/homepages/adar_corp
292,ourworld.compuserve.com/homepages/AndrewHenderson2
293,ourworld.compuserve.com/homepages/AQanai_Ktav/kjahomep.htm
294,ourworld.compuserve.com/homepages/CCFHUB
295,ourworld.compuserve.com/homepages/cken
296,ourworld.compuserve.com/homepages/dave_page/kmfc.htm
297,ourworld.compuserve.com/homepages/do_a_mitzvah
298,ourworld.compuserve.com/homepages/aaronh
299,ourworld.compuserve.com/homepages/dlw/stmarks.htm
300,ourworld.compuserve.com/homepages/ empowertools/homepage.htm
301,ourworld.compuserve.com/homepages/devision/spr.htm
302,ourworld.compuserve.com/homepages/33Jazz
303,ourworld.compuserve.com/homepages/2x2info_namelesshousesect/homepage.htm
304,ourworld.compuserve.com/homepages/2x2info_namelesshousesect/ other2x2.htm
305,ourworld.compuserve.com/homepages/ vkuenzi/Titlesheet.htm
306,ourworld.compuserve.com/homepages/ Phyl_Fanning/wacral.htm
307,ourworld.compuserve.com/homepages/ AQanai_Ktav/homepage.htm
308,ourworld.compuserve.com/homepages/ empowertools/order.htm
309,ourworld.compuserve.com/homepages/ dover_nottm/cmr3803.htm
310,ourworld.compuserve.com/homepages/Phyl_Fanning
311,ourworld.compuserve.com/homepages/dover_nottm/home.htm
312,ourworld.compuserve.com/homepages/ Per_Lisle/newbold.htm
313,ourworld.compuserve.com/homepages/dovidjaffe
314,ourworld.compuserve.com/homepages/przip/zionpeo.htm
315,ourworld.compuserve.com/homepages/RVBC
316,ourworld.compuserve.com/homepages/S_Aberle
317,ourworld.compuserve.com/homepages/S_DeWilde
318,ourworld.compuserve.com/homepages/sbenigni
319,ourworld.compuserve.com/homepages/schoolmom/gtemple.htm
320,ourworld.compuserve.com/homepages/skerries
321,ourworld.compuserve.com/homepages/Phil_George/yarmhome.htm
322,ourworld.compuserve.com/homepages/Sunset_Hills
323,ourworld.compuserve.com/homepages/Susieq/2bshvat.htm
324,ourworld.compuserve.com/homepages/Susieq/q_entry.htm
325,ourworld.compuserve.com/homepages/Per_Lisle/newbold.htm
326,ourworld.compuserve.com/homepages/twisted_tree
327,ourworld.compuserve.com/homepages/usazerb/124.htm
328,ourworld.compuserve.com/homepages/usazerb/casp.htm
329,ourworld.compuserve.com/homepages/YesLord
330,ourworld.compuserve.com/homepages/YesLord/listof.htm
331,ourworld.compuserve.com/homepages/snohomishfoursquare
332,ourworld.compuserve.com/homepages/martinpohl
333,ourworld.compuserve.com/homepages/nphudd/mildred.htm
334,ourworld.compuserve.com/homepages/empowertools
335,ourworld.compuserve.com/homepages/EwanAitken
336,ourworld.compuserve.com/homepages/justitia
337,ourworld.compuserve.com/homepages/justitia/botfrm.htm
338,ourworld.compuserve.com/homepages/kdennisnaz
339,ourworld.compuserve.com/homepages/ken_crossman/phillips.htm
340,ourworld.compuserve.com/homepages/thoyt
341,ourworld.compuserve.com/homepages/lwcf
342,ourworld.compuserve.com/homepages/MeriMusic
343,ourworld.compuserve.com/homepages/milne/christma.htm
344,ourworld.compuserve.com/homepages/milne/portside.htm
345,ourworld.compuserve.com/homepages/mkowalsk
346,ourworld.compuserve.com/homepages/Mt_of_Olives
347,ourworld.compuserve.com/homepages/mzone
348,ourworld.compuserve.com/homepages/nigel_h/church.htm
349,ourworld.compuserve.com/homepages/nigel_h/ewmap.htm
350,ourworld.compuserve.com/homepages/norris_long
351,ourworld.compuserve.com/homepages/LungCancer
352,www.coolbeans.com
353,www.coolbuddy.com
354,coolgirlsjapan.com
355,www.coptic.net
356,www.coptic.net/EncyclopediaCoptica
357,www.coptic.org
358,www.coptic.org/stmarkno
359,www.coptic.org/stmarkno/News.html
360,www.crazyshit.com
361,www.createafart.com
362,www.creative-nude.net
363,www.creative-nude.net/cnpn.html
364,www.crimelibrary.com/terrorists/baader
365,crimelibrary.com
366,crimelibrary.com/terrorists/aum/main.htm
367,www.crimelibrary.com/terrorists/binladen
368,www.crimelibrary.com
369,tantra-klub.crolink.net
370,www.cruel.com
371,www.csstp.com
372,www.cures-not-wars.org
373,www.cures-not-wars.org/mmm/may2.html
374,www.cures-not-wars.org/nycbc.html
375,www.cuttingedge.org
376,www.cuttingedge.org
377,www.darksites.com
378,babylon.darkvoid.net
379,home.datacomm.ch
380,www.dcswimwear.com
381,www.deathnet.com
382,www.deathnews.com
383,www.defsoul.com
384,www.dictionary.com/translate
385,dieoff.org
386,dieoff.org/page1.htm
387,distefano.com/gallery.htm
388,distefano.com
389,dmoz.org/Kids_and_Teens/Health/Drugs_and_Alcohol
390,dmoz.org/Adult/Society/People/Personals/BDSM
391,dmoz.org/Recreation/Drugs
392,dnausers.d-n-a.net
393,debate.domini.org/newton
394,debate.domini.org/newton/womeng.html
395,www.druglibrary.org/schaffer/ library/graphs/cvmarjna.htm
396,www.druglibrary.org/schaffer/ Library/studies/cu/CU35.html
397,www.druglibrary.org/schaffer/cocaine/freud.htm
398,www.druglibrary.org/schaffer/hemp/hempmenu.htm
399,www.druglibrary.org/schaffer/hemp/mjleg1.htm
400,www.druglibrary.org
401,www.drugsense.org/wodclock.htm
402,www.drugsense.org/me
403,www.drugsense.org
404,www.drugsense.org/jnr/bucklong.htm
405,www.drugwar.com/pbushirancontra.shtm
406,www.drugwar.com/poutrage.shtm
407,www.drugwar.com
408,www.drugwar.com/solaristory.shtm
409,www.drugwar.com/psunsentinel.shtm
410,www.drugwar.com/psunsentinel.shtm
411,www.eastuniversal.com
412,www.easyriders.com
413,women.eb.com
414,women.eb.com/women/articles/Lee_Ann.html
415,www.ecstasy.org
416,www.ecstasy.org/info/dangers.html
417,www.e-girlz.com
418,www.emeryseeds.com
419,www.ernieshouseofwhoopass.com
420,home.erols.com/swimwear
421,www.eroplay.com
422,www.erowid.org/plants/cannabis/cannabis_medical.shtml
423,www.erowid.org
424,www.erowid.org/chemicals/cocaine/cocaine.shtml
425,www.erowid.org/chemicals/pcp/pcp.shtml
426,www.erowid.org/psychoactives/law/law_fed_supct1.shtml
427,www.erowid.org/psychoactives/psychoactives.shtml
428,www.erowid.org/freedom/police/police.shtml
429,www.erowid.org/library/books/cocaine_papers.shtml
430,www.eswimmers.com
431,www.euronet.nl/~advaya/index.htm
432,www.euronet.nl/users/sota/turkistan.htm
433,www.euronet.nl/users/jubo/holocaust.html
434,www.euronet.nl/~advaya/sitemap.htm
435,www.euronet.nl/~advaya
436,www.euronet.nl
437,www.euronet.nl/~ijar
438,www.execpc.com/~pvmiii/gulfwar/432_indx.html
439,www.execpc.com/~pvmiii/gulfwar/history/432_pg31.html
440,www.exoticcloset.com
441,www.explore-srilanka.com
442,www.explore-srilanka.com
443,www.facesofdeath.com
444,www.faithfreedom.org
445,www.fartfarm.com
446,www.farts.com/squeak.htm
447,www.farts.com
448,www.fashionquote.com
449,www.FBCCrowley.org
450,www.fhm.com
451,www.fiftywomen.com
452,www.filbiznet.com
453,www.filbiznet.com/smaphils
454,www.freenet.tlh.fl.us
455,www.freenet.tlh.fl.us/~woodingc
456,www.flash.net/~dshanmug
457,www.flash.net/~praise
458,www.flash.net/~phanom
459,www.flash.net/~pfp/cmlc
460,www.flash.net/~pbc
461,www.flash.net/~messiah/index.html
462,www.flash.net/~mccsj/index.htm
463,www.flash.net/~isun
464,www.flash.net/~hoselton/deadsea/deadsea.htm
465,www.flash.net/~hoselton/deadsea/bibliog.htm
466,www.flash.net
467,www.flash.net/~gbc
468,home.flash.net/~sunthorn
469,www.flash.net/~drgl
470,www.flash.net/~dragonst
471,www.flash.net/~doyle
472,www.flash.net/~praise/goldmedal96.html
473,home.flash.net
474,www.flash.net/~mccsj/prod/Home.html
475,home.flash.net/~hoselton/deadsea/deadsea.htm
476,home.flash.net/~lostrack/home.html
477,www.flash.net/~grace
478,www.flash.net/~westside
479,www.flash.net/~redeemer/luthhist.htm
480,www.flash.net/~redeemer/rlchurch.htm
481,www.flash.net/~redeemer/rlschool.htm
482,www.flash.net/~rlchurch
483,www.flash.net/~saints/mainmenu.htm
484,www.flash.net/~mccsj
485,www.flash.net/~stanne
486,www.flash.net/~praise/index.html
487,www.flash.net/~stphils
488,www.flash.net/~sumc
489,www.flash.net/~sunthorn
490,www.flash.net/~tiermacw/index.html
491,www.flash.net/~venzor
492,www.flf.com/talkaboutsex/index.html
493,roswell.fortunecity.com
494,victorian.fortunecity.com/vermeer/ 287/nabokov_s_metamorphosis.htm
495,victorian.fortunecity.com/vermeer
496,victorian.fortunecity.com
497,fortunecity.com
498,skyscraper.fortunecity.com
499,graphics.fortunecity.com
500,roswell.fortunecity.com/witches/369/ring.html
501,www.fortunecity.com/roswell/jekyll/75
502,millennium.fortunecity.com/lincoln/666
503,millennium.fortunecity.com
504,x-stream.fortunecity.com
505,greenfield.fortunecity.com/rattler/332/pw
506,greenfield.fortunecity.com
507,victorian.fortunecity.com/vermeer/287
508,fortunecity.com/business/influence/1805
509,www.fortunecity.com/business/influence/1805
510,x-stream.fortunecity.com/abbeyrd/60
511,www.fortunecity.com/victorian/hornton/21/Dark.Howler.html
512,www.fortunecity.com/victorian/ hornton/21/Dark.Howler.html
513,www.fortunecity.com/roswell/price/138/welcome.htm
514,www.fortunecity.com/olympia/akabusi/357
515,www.fortunecity.com/millennium/po/131/index.htm
516,www.fortunecity.com/millenium/cslewis/150
517,victorian.fortunecity.com/vermeer/287/judaism.htm
518,business.fortunecity.com
519,www.fortunecity.com/tinpan/abba/116/flyers.html
520,www.fortunecity.com
521,www.fortunecity.com/business/influence/ 1805/midaughter_s_i_ching.htm
522,www.fortunecity.com/bennyhills/keaton/440/index.htm
523,www.fortunecity.com/bennyhills/hardy/56
524,www.foxsearchlight.com/20dates
525,www.foxsearchlight.com
526,www.freakfarm.com/retardedadvice.htm
527,www.freecoolstuff.com/turd1.html
528,www.freecoolstuff.com/turd1.html
529,www.gaychina.com
530,gaynewsusa.com
531,gaynewsusa.com/nhmcc
532,www.gayreading.com/lifestyles/muslim.html
533,gayreading.com
534,gayreading.com/Lifestyles/Muslim.html
535,www.gayreading.com
536,www.gcssaints.com
537,www.genesis-taipei.com
538,www.geocities.com/arabicpaper911/banner.html
539,www.geocities.com/Area51/Labyrinth/3601/aodballs.html
540,www.geocities.com/Area51/Vault/1245
541,www.geocities.com/Area51/Rampart/8399
542,www.geocities.com/Area51/Rampart/1311
543,www.geocities.com/Area51/Meteor/1033
544,www.geocities.com/Area51/Lair/5179
545,www.geocities.com/Area51/Dimension/8979/index.html
546,www.geocities.com/Area51/Corridor/7637/angels.html
547,www.geocities.com/area51/3255/yuks.html
548,www.geocities.com/Area51/Zone/1544
549,www.geocities.com/arabicpaper911/isra.html
550,www.geocities.com/Area51/Vault/5781/AteHighlanderBalls02.html
551,www.geocities.com/arabicpaper911
552,www.geocities.com/area51/3255/2.html
553,www.geocities.com/CapitolHill/Senate/4559
554,www.geocities.com/Area51/Shadowlands/9142/Wicca.html
555,www.geocities.com/freethoughtmecca
556,www.geocities.com/lite_salt/nsyncballs.html
557,www.geocities.com/Area51/Zone/4387/mtvatemyballs.html
558,hjem.get2net.dk
559,hjem.get2net.dk/Womeningovernments
560,WWW.GGGeV.com
561,www.glas.org/lazeeza.html
562,www.glas.org
563,www.globalserve.net/~cracker/tick/fortune
564,www.gndmovie.com
565,www.goal.com/br
566,www.goal.com/uk
567,www.goal.com/uk/Te/2707/index.shtml
568,www.godlovesgays.com
569,directory.google.com/Top/Adult/ Society/People/Personals/BDSM
570,directory.google.com/Top/Adult/Society/People
571,www.gospelcom.net/ibs/bibles/arabic
572,www.greenpanthers.org
573,www.grrl.com
574,www.gruesome.com
575,www.guay.com
576,www.guay.com/buscador/turismo/guias/extranjero
577,www.guay.com/buscador/turismo/paises
578,www.gulfgreyhound.com
579,www.gurl.com
580,www.gurlpages.com
581,www.gurlpages.com/spirit/bipagan/index.html
582,www.gyrate.org
583,www.gyrate.org
584,www.H3Ozone.com
585,www.hayatak.org
586,www.hecklers.com
587,www.hecklers.com/heyjew
588,www.hemp.net
589,www.hempbc.com
590,www.hempbc.com/library/misc/agricult.html
591,www.hempnation.com
592,www.hiddensurf.com
593,www.hightimes.com/News/2002_01/hi/1.html
594,www.hightimes.com
595,www.hinduunity.org
596,www.hizbollah.org/english/press/p2001/p20010412.htm
597,www.hizbollah.org/english/press/p2001/p20010518.htm
598,www.hizbollah.org/english/activities.htm
599,www.hizbollah.org/english/amin/k2001/k20010404.htm
600,www.hizbollah.org/english/amin/k2001/k20010424.htm
601,www.hizbollah.org/english/amin/k2001/k20010709.htm
602,www.hizbollah.org/english/amin/k2001/k20010928.htm
603,www.hizbollah.org/english/info.htm
604,www.hizbollah.org/english/press/p2001/p20010418.htm
605,www.hizbollah.org/english/press/p2001/p20010419.htm
606,www.hizbollah.org/english/press/p2001/p20010420b.htm
607,www.hizbollah.org
608,www.hizbollah.org/english/statm/sm2001/sm20010827.htm
609,www.hizbollah.org/english/frames/index_eg.htm
610,www.hizbollah.org/english/press/p2001/p20010521b.htm
611,www.hizbollah.org/english/statm/sm2001/sm20010416.htm
612,www.hizbollah.org/english/press/p2001/p20011004.htm
613,www.hizbollah.org/english/press/p2001/p20010908a.htm
614,www.hizbollah.org/english/press/p2001/p20010908.htm
615,www.hizbollah.org/english/press/p2001/p20010828.htm
616,www.hizbollah.org/english/press/p2001/p20010523a.htm
617,www.hizbollah.org/english/press/p2001/p20010724.htm
618,www.hizbollah.org/english/press/p2001/p20010711.htm
619,www.hizbollah.org/english/press/p2001/p20010702.htm
620,www.hizbollah.org/english/press/p2001/p20010611.htm
621,www.hizbollah.org/english/press/p2001/p20010730.htm
622,www.hobrad.com/and.htm
623,members.home.net/islaam/prophets/job.htm
624,members.home.net/jcaldwell2
625,members.home.net/lumiere/karma/mystknow.htm
626,members.home.net/wcrowe/grace
627,www.members.home.net/ssspublish
628,www.members.home.net/ksmrecords
629,www.members.home.net/dcumc
630,www.members.home.net
631,members.home.net/christianradiosaskatoon
632,members.home.net/biblicalindecency/convert_me!.htm
633,members.home.net/geofee
634,www.members.home.net/stthomasschool1/home
635,members.home.net
636,members.home.net/cots/main.html
637,www.hot.it
638,www.house-of-god.org
639,www.houstonroadkill.com
640,www.hurricane.net/~wizard/19a.html
641,www.hyperreal.org/drugs/marijuana
642,www.hyperreal.org/drugs/marijuana
643,web2.iadfw.net
644,web2.iadfw.net/redeem5
645,www.iamm.com
646,www.idf.il/english/news/main.stm
647,www.idf.il
648,www.idf.il/english/history/history.stm
649,www.ifrance.com
650,www.indiana.edu/~kinsey
651,egreetings.indiatimes.com/utsav/thanks.html
652,egreetings.indiatimes.com/utsav/shiv.html
653,egreetings.indiatimes.com/utsav/lohri.html
654,egreetings.indiatimes.com/utsav/holi.html
655,egreetings.indiatimes.com/utsav/ganesh.html
656,egreetings.indiatimes.com/utsav/durga.html
657,egreetings.indiatimes.com
658,www.indiaweekly.com
659,perso.infonie.fr/boredom
660,perso.infonie.fr
661,Home.InfoRamp.Net/~bglawson
662,www.io.com/~ucc
663,www.io.com/~ucc/location/location.html
664,www.io.com/rrpc
665,www.io.com/~sulis
666,www.io.com
667,www.io.com/secret.html
668,www.io.com/~robinson/transition.html
669,www.io.com/ucchurch
670,www.io.com/~snewton/zen
671,freeman.io.com
672,www.io.com/~cortese/spirituality/wicca.html
673,www.io.com/~egabriel
674,www.io.com/~gracepr
675,www.io.com/~kellywp
676,www.io.com/~kellywp/lectionary.html
677,www.io.com/~kellywp/YearABC/HolyDays/SaintsI.html
678,www.io.com/~oslc
679,www.io.com/~oslc/school/home.htm
680,www.io.com/~pdhulce
681,www.io.com/ucchurch/page2.htm
682,digilander.iol.it
683,digilander.iol.it/conservatoriodicomo
684,digilander.iol.it/conservatoriocilea
685,digilander.iol.it/asali/equidistant.htm
686,digilander.iol.it/asali/biblecodes.htm
687,www.i-out.com
688,farting.isAwesome.net
689,www.island.org
690,www.israel.com
691,www.ivillage.com
692,magazines.ivillage.com
693,magazines.ivillage.com/cosmopolitan
694,magazines.ivillage.com/townandcountry
695,pages.ivillage.com
696,pages.ivillage.com/st.charles
697,pages.ivillage.com/yalondad
698,quiz.ivillage.com
699,quiz.ivillage.com/homeandgarden/tests/feng.htm
700,"www.ivillage.com/home/fengshui/cyl/articles/0,9449,245522_253566,00.html"
701,www.ivillage.com/help/feedback.html
702,www.ivillage.com/ivillage/quiz
703,www.ivillage.com/help/privacy.html
704,www.ivillage.com/help/privacy.html
705,www.janesaddiction.com
706,www.jesus21.com/poppydixon/pillbox/bible.html
707,www.jesus21.com
708,www.jesus21.com
709,www.kidsource.com/kidsource/content3/mariteens
710,www.killuglytv.com
711,www.kirtiinstitute.com
712,www.koltershock1.net/toons/poop.swf
713,www.koltershock1.net
714,www.koltershock1.net
715,www.lacar.org
716,www.laucrest.com
717,laughnet.net/archive/crude/nosepick.htm
718,laughnet.net
719,www.lca-uk.org
720,www.lec.org/DrugSearch/Documents/PCP.html
721,www.lec.org/DrugSearch/Documents/Marijuana.html
722,www.lec.org/DrugSearch/Documents/Cocaine.html
723,perso.libertysurf.fr
724,perso.libertysurf.fr/eglise.aubin
725,www.light-of-life.com/eng/news.htm
726,www.light-of-life.com/arb
727,www.light-of-life.com
728,www.lightworkerstempel.com
729,www.links.net/vita/muzik/janes
730,www.lysator.liu.se/religion/neopagan
731,www.lysator.liu.se/religion/neopagan/druidism.html
732,www.lysator.liu.se/religion/neopagan/celtic.html
733,www.lysator.liu.se/religion/neopagan/tarot.html
734,www.ljs.org
735,www.ljs.org/main%20home%20page.html
736,www.lookwhatibroughthome.com/phil
737,www.lowprofilerecords.com
738,www.luckymojo.com/luckymojocatalogue.html
739,www.luckymojo.com
740,www.luckymojo.com/cat.html
741,www.luminist.org
742,lvtimes.com
743,leda.lycaeum.org
744,leda.lycaeum.org/?ID=149
745,leda.lycaeum.org/?ID=382
746,nepenthes.lycaeum.org
747,nepenthes.lycaeum.org/Drugs/PCP
748,users.lycaeum.org
749,users.lycaeum.org/~thefane
750,nepenthes.lycaeum.org/Drugs/Cocaine
751,nepenthes.lycaeum.org/Drugs/Cocaine
752,members.madasafish.com/~bro_james
753,members.madasafish.com
754,www.magazinecity.net
755,www.mallbox.com/pamela/pamela.html
756,www.mallbox.com/monica/lewinsky.html
757,www.mapinc.org/ccnews/v02/n613/a04.html?201
758,www.mapinc.org/tlcnews/v02/n610/a05.htm?190
759,www.mapinc.org/norml/v01/n2073/a05.htm?134
760,www.mapinc.org/drugnews/v99.n190.a02.html
761,www.mapinc.org/drugnews/v01/n1753/a07.html?1029
762,www.mapinc.org
763,www.mapinc.org/drugnews/v99.n057.a10.html
764,www.marijuana.com
765,cheaptalk.marijuana.com
766,cheaptalk.marijuana.com/420
767,www.marijuana.nl
768,www.marijuana.org
769,marijuana-215.org/main.html
770,marijuana-215.org
771,marijuana-215.org/legalization
772,www.marijuanaalternatives.com
773,www.marijuana-as-medicine.org
774,www.marijuanafacts.org
775,www.marijuana-hemp.com
776,www.marijuanaparty.com
777,www.marijuanaparty.com/f_index.html
778,www.marijuanaparty.org
779,www.marijuanareform.org
780,www.marijuana-seeds.net
781,www.marijuanasignpost.com
782,www.marijuana-uses.com
783,www.marijuanavaporizer.com
784,www.marijuanavaporizer.com/marijuana/ marijuana-legalization.htm
785,marijuanaworld.com
786,www.mateinastate.com
787,www.mateinastate.com/farts/farting.htm
788,www.maumausexsex.com
789,www.mayhem.net/Crime/cults1.html
790,www.mayhem.net/Crime/cults.html
791,www.mayhem.net/Crime/supremetruth.html
792,www.mayhem.net
793,www.medicalmarijuana.org
794,www.megaproxy.com
795,www.metroactive.com/papers/metro/10.18.01/ editors-license-0142.html
796,www.metroactive.com/papers/metro/archives.html
797,www.millionmarijuanamarch.com
798,oursavior.home.mindspring.com
799,www.mindspring.com
800,www.mindspring.com/~abe3/messianic/jew.html
801,www.mindspring.com/~abe3/messianic/steps.html
802,abiding.home.mindspring.com
803,www.mindspring.com/~acheslow/AuntMary/bang/wip.html
804,seargle.home.mindspring.com
805,seargle.home.mindspring.com/contactus.html
806,smyrnafirst.home.mindspring.com
807,stpius.home.mindspring.com
808,teens4christ.home.mindspring.com
809,wobbly.home.mindspring.com
810,danwhitley.home.mindspring.com
811,clc4.home.mindspring.com
812,morningsidepc.home.mindspring.com
813,fccodg.home.mindspring.com
814,agudath.home.mindspring.com
815,chambersa.home.mindspring.com
816,rea.home.mindspring.com/rea.htm
817,bahai.home.mindspring.com
818,agudath.home.mindspring.com/history.html
819,holyspiritchurch.home.mindspring.com
820,jbcn.home.mindspring.com
821,home.mindspring.com
822,godslight.home.mindspring.com
823,newcench.home.mindspring.com
824,ppbc.home.mindspring.com
825,rea.home.mindspring.com
826,religiousleaders.home.mindspring.com
827,www.mindspring.com/~acoc
828,www.mindspring.com/~salt
829,www.mindspring.com/~hellfire/bishop/rosecross
830,www.mindspring.com/~htlc
831,www.mindspring.com/~htlc/htlc_history.html
832,www.mindspring.com/~iom
833,www.mindspring.com/~jaypsand
834,www.mindspring.com/~jaypsand/photos.htm
835,www.mindspring.com/~k.w/tithe/tithe.html
836,www.thepost.mindspring.com
837,www.mindspring.com/~krwatson/nrr
838,www.mindspring.com/~acheslow/AuntMary
839,www.mindspring.com/~markcamp/mtview.html
840,www.mindspring.com/~hbrl/hbrl.html
841,www.mindspring.com/~nemmers/cofc/index.htm
842,www.mindspring.com/~kehillah
843,www.mindspring.com/~scarlson/synopt
844,www.mindspring.com/~sojourners/Dateline.htm
845,www.mindspring.com/~spurlock/mtcarmel.htm
846,www.mindspring.com/~stardancer
847,www.mindspring.com/~stmatts
848,www.mindspring.com/~strecorsoc/guide/gf_index.html
849,www.mindspring.com/~strecorsoc/jwoolman/title.html
850,www.mindspring.com/~svdp
851,www.mindspring.com/~svdp/links.htm
852,www.mindspring.com/~tentmakr/cfa.html
853,www.mindspring.com/~understand/BIB/lessons.htm
854,www.mindspring.com/~winstonw/stannes/index.html
855,www.mindspring.com/~menorah
856,www.mindspring.com/~bkwallace/summerville.htm
857,www.mindspring.com/~adelewilson
858,www.mindspring.com/~adelewilson/welcome/art-list.htm
859,www.mindspring.com/~astrologybydiana/ lifepaths/homepage.html
860,www.mindspring.com/~madisongb
861,www.mindspring.com/~astrologycharts
862,www.mindspring.com/~gsb3/pk/home.htm
863,www.mindspring.com/~bobjones/cumc
864,www.mindspring.com/~careyb/rframe.html
865,www.mindspring.com/~cbh
866,www.mindspring.com/~cfeldman/enochian.html
867,www.mindspring.com/~cmckenzie/upci-index.shtml
868,www.mindspring.com/~connect/connect
869,www.mindspring.com/~ctk
870,www.mindspring.com/~fellowbapchurch
871,www.mindspring.com/~danpanic
872,www.mindspring.com/~gsb3/pk/7p.htm
873,www.mindspring.com/~gsb3/pk
874,www.mindspring.com/~gracebible
875,www.mindspring.com/~gif212
876,www.mindspring.com/~astrologybydiana/lifepaths/totemspage.html
877,www.mindspring.com/~gabiz/lwcom
878,www.mindspring.com/~fallsbaptist
879,www.mindspring.com/~etzchaim
880,www.mindspring.com/~eckankar
881,www.mindspring.com/~dpcallah/ricflair.htm
882,www.mindspring.com/~dbholzel/pierce/pierce.html
883,www.mindspring.com/~dbholzel
884,www.mindspring.com/~gayspirit
885,www.mindspring.net/~locust_grove_bc
886,www.mindspring.net/~bthigpen
887,sickjokes.miningco.com
888,www.miraserve.com/pressrev/EN25mar01.htm
889,www.miraserve.com
890,www.miraserve.com/english.htm
891,www.mljewish.org
892,www.mnr-loiret.org
893,www.modemac.com
894,www.modemac.com/cos
895,www.mondadori.com
896,www.moonkissed.org/personals/personals_index.html
897,www.moonkissed.org/moonhome.htm
898,www.morbidvisions.com
899,www.mothersmagick.com
900,www.mpp.org
901,www.mpp.org/medicine.html
902,www.mutenasserin.net
903,www.mutenasserin.net/mutenasserin/ arabic/telfren/tellafriend.htm
904,www.mynippon.com
905,www.mynippon.com
906,www.nakedpoetry.com
907,www.nakedpoetry.com/02
908,www.naqshbandi.org
909,www.naqshbandi.org/ottomans/comments.htm
910,www.naqshbandi.org/ottomans/wahhabis.htm
911,surfanon.narod.ru
912,www.naturalmuscle.net
913,www.navasotaexaminer.com
914,www.tky.3web.ne.jp
915,www5d.biglobe.ne.jp/~hamamura
916,www.bekkoame.ne.jp
917,www5d.biglobe.ne.jp
918,www.tky.3web.ne.jp/~tsonsd
919,www5d.biglobe.ne.jp/~hamamura/isdn/mainpage.html
920,www.neberdjer.org/pages/website/donation_form.htm
921,www.neberdjer.org
922,boards.nerve.com
923,www.nerve.com/regulars
924,www.nerve.com/photography
925,www.nerve.com/nerveprint
926,www.nerve.com/accounts/tos.asp
927,www.nerve.com/aboutus
928,personals.nerve.com/personals/browse_index.asp
929,personals.nerve.com
930,members.iinet.net.au/~oblatewa/fleet.html
931,members.iinet.net.au/~nosnikta/acoc
932,members.iinet.net.au/~jaffa/4sqwa
933,www.iinet.net.au/~createit
934,members.iinet.net.au
935,www.iinet.net.au/~nosnikta/alpha.html
936,members.iinet.net.au/~graceaog
937,www.iinet.net.au/~guardian
938,www.public.netc.net/search-thescriptures/arabic
939,dcotw.new1.com
940,www.newfrontier.com
941,www.norml.org
942,www.november.org/razorwire/rzold/0909.html
943,www.november.org
944,www.november.org/razorwire/rzold/09/0909.html
945,www.nudecelebs.ru
946,www.nuderecords.com
947,www.nuderecords.com/foyer.htm
948,www.nyrock.com
949,nyw.com
950,nyw.com
951,www.om.org
952,www.oneworld.org/liaison
953,www.oneworld.org
954,www.oneworld.org/guides/media_democracy/front.shtml
955,www.oneworld.org/liaison/forum/en/home/introduction.htm
956,www.oneworld.org/owe
957,www.oneworld.org/owe/news/owns/hz1_en.htm
958,www.oneworld.org/owe/news/owns/hz1_nl.htm
959,www.oneworld.org/owe/news/owns/hz7_en.htm
960,www.oneworld.org/slejf
961,www.oneworld.org/slejf/history.htm
962,www.oneworld.org/UNA_UK
963,www.oneworld.org/unicef
964,www.oneworld.org/slejf/treeplan.htm
965,www.oneworld.org/guides
966,www.laskarjihad.or.id
967,www.laskarjihad.or.id/service/qa/qa02mar
968,www.asahi-net.or.jp
969,www.asahi-net.or.jp/~AD8Y-HYS/index_e.htm
970,www.din.or.jp
971,www.hh.iij4u.or.jp
972,www.hh.iij4u.or.jp/~suni/index.shtml
973,www.iijnet.or.jp
974,www.iijnet.or.jp/iriz
975,www.iijnet.or.jp/iriz/irizhtml/irizhome.htm
976,www.imasy.or.jp
977,www.imasy.or.jp/~ume/index-j.html
978,www.imasy.or.jp/~airplane/airplane/jaindex.html
979,www.orangatango.com
980,www.hofesh.org.il/english.html
981,www.hofesh.org.il
982,www.sfc.org.uk
983,www.ummah.org.uk/cdlr
984,www.osamapinladen.com
985,www.osho.org
986,rd.yahoo.com/spon/?http://www.outdoorgirl.net
987,www.outdoorgirl.net
988,www.outproud.org
989,www.overgrow.com
990,www.overgrow.com
991,www.pacificnet.net/~faigin/SCJ/faq/02-08.html
992,www.pacificnet.net/~spectre/asatru.html
993,www.pacificnet.net/~faigin/SCJ/faq/18-index.html
994,www.pacificnet.net/~faigin/SCJ/faq/02-10.html
995,www.pacificnet.net/~faigin/SCJ/faq/02-04.html
996,www.pacificnet.net/~faigin/SCJ/faq/02-03.html
997,www.pacificnet.net/~faigin/SCJ/faq
998,www.pacificnet.net/~faigin/SCJ
999,www.pacificnet.net/~faigin
1000,www.pacificnet.net
1001,www.pacificnet.net/~faigin/SCJ/faq/18-01-06.html
1002,"www.parentsoup.com/home/qas/ 0,12107,187140_225703,00.html"
1003,www.pbase.com/login
1004,www.pbase.com
1005,www.pbase.com/hillel/africa
1006,forums.pbase.com
1007,www.pcfonline.org
1008,peeps.ru
1009,peeps.ru/games/scud
1010,www.photo.fr
1011,www.pimpsup.com
1012,www.users.nyc.pipeline.com/~ecinc/ecpage.htm
1013,pwp.usa.pipeline.com/~albatros/ins.html
1014,pwp.usa.pipeline.com
1015,www.users.nyc.pipeline.com
1016,www.politiquebooks.com
1017,www.ponoi.com
1018,www.poopreport.com
1019,www.popsquare.com
1020,www.popular-maj.com
1021,www.porn-free.org
1022,www.portalofevil.com
1023,www.postfun.com
1024,www.postfun.com/pfp/construct.html
1025,www.postfun.com/pfp/bible/code.html
1026,www.pot-tv.net
1027,www.profusion.com
1028,www.pschent.fr
1029,www.psychedelic-library.org/mcvay.htm
1030,www.psychedelic-library.org
1031,www.psychicline.com
1032,www.punkasfuck.com
1033,www.punkasfuck.com
1034,www.queernet.org/lists/trans-jews.html
1035,www.queernet.org/lists/gay-muslims.html
1036,www.queernet.org/lists/dina.html
1037,www.queernet.org/lists
1038,www.queernet.org
1039,www.quest-online.com
1040,www.quest-online.com
1041,www.rafed.net
1042,www.rasputin.ru
1043,www.ratemypoo.com
1044,www.razormag.com
1045,www.redbrain.com
1046,www.redhotsweeps.com
1047,www.redrival.com/cahc
1048,www.redrival.com
1049,www.religioustolerance.org/deism.htm
1050,www.religioustolerance.org/destruct.htm
1051,www.religioustolerance.org/druid.htm
1052,www.religioustolerance.org/end_wrl1.htm
1053,www.religioustolerance.org/falungong.htm
1054,www.religioustolerance.org/fin_nazi.htm
1055,www.religioustolerance.org/geraldo.htm
1056,www.religioustolerance.org/glossary.htm
1057,www.religioustolerance.org/cults.htm
1058,www.religioustolerance.org/govt_con.htm
1059,www.religioustolerance.org/caodaism.htm
1060,www.religioustolerance.org/hallo_np.htm
1061,www.religioustolerance.org/help.htm
1062,www.religioustolerance.org/gnostic.htm
1063,www.religioustolerance.org/confuciu.htm
1064,www.religioustolerance.org/christ.htm
1065,www.religioustolerance.org/homosexu.htm
1066,www.religioustolerance.org/ccm.htm
1067,www.religioustolerance.org/islam.htm
1068,www.religioustolerance.org/buddhism.htm
1069,www.religioustolerance.org/bahai.htm
1070,www.religioustolerance.org/asatru.htm
1071,www.religioustolerance.org/amish.htm
1072,www.religioustolerance.org/acm.htm
1073,www.religioustolerance.org
1074,religioustolerance.org/dc_aumsh.htm
1075,religioustolerance.org
1076,www.religioustolerance.org/chr_2x2.htm
1077,www.religioustolerance.org/scie_pos.htm
1078,www.religioustolerance.org/zoroastr.htm
1079,www.religioustolerance.org/wic_pent.htm
1080,www.religioustolerance.org/wic_burn.htm
1081,www.religioustolerance.org/voodoo.htm
1082,www.religioustolerance.org/virgin_b.htm
1083,www.religioustolerance.org/tongues.htm
1084,www.religioustolerance.org/toc.htm
1085,www.religioustolerance.org/sra.htm
1086,www.religioustolerance.org/shinto.htm
1087,www.religioustolerance.org/search.htm
1088,www.religioustolerance.org/hom_isla.htm
1089,www.religioustolerance.org/scientol.htm
1090,www.religioustolerance.org/santeri.htm
1091,www.religioustolerance.org/rt_russi.htm
1092,www.religioustolerance.org/nataspir.htm
1093,www.religioustolerance.org/judaism.htm
1094,www.religioustolerance.org/sda.htm
1095,www.religioustolerance.org/medical.htm
1096,www.religioustolerance.org/resurrec.htm
1097,www.religioustolerance.org/neo_paga.htm
1098,www.religioustolerance.org/newage.htm
1099,www.religioustolerance.org/occult.htm
1100,www.religioustolerance.org/process.htm
1101,www.religioustolerance.org/purgatory.htm
1102,www.religioustolerance.org/quaker.htm
1103,www.religioustolerance.org/reac_ter9.htm
1104,www.religioustolerance.org/rel_tol1.htm
1105,www.religioustolerance.org/mail.htm
1106,www.reptilianrecords.com
1107,www.respublica.fr
1108,www.ritchieswimwear.com
1109,www.roadtomary.com
1110,www.rollingstone.com
1111,www.rollingstone.com/artists/default.asp?oid=3111
1112,members.rotfl.com/indicaman
1113,www.rxmarihuana.com
1114,www.rxmarihuana.com
1115,www.saba-igc.org
1116,www.salemtarot.com
1117,www.saudhouse.com
1118,www.saudiinstitute.org
1119,www.sauvagewear.com
1120,www.scn.org/ccpi
1121,www.scn.org/~bk269/dudes_f.html
1122,www.scn.org
1123,www.scn.org/~bk269/eclipse
1124,www.secularislam.org/testimonies/testimonies.htm
1125,www.secularislam.org
1126,www.sexaa.org
1127,www.sexaddict.com
1128,eel.sexsexworld.com/mcsiemens/McSiemens.html
1129,eel.sexsexworld.com
1130,www.sexuality.org
1131,www.sexwork.com
1132,www.sexwork.com/interact/signswguestbook.html
1133,www.seznam.cz
1134,www.sfdt.com
1135,www.shavenferret.com
1136,www.sheshootsmen.com/nakedmen.shtml
1137,www.sheshootsmen.com/mennextdoor.shtml
1138,www.shialink.org
1139,atomfilms.shockwave.com
1140,atomfilms.shockwave.com/af/content/al_qaeda
1141,atomfilms.shockwave.com/af/animation/series/regurge
1142,atomfilms.shockwave.com/af/animation/ series/joecartoon
1143,www.sh-online.dk
1144,www.shoreviewnews.com
1145,www.siecus.org
1146,www.siegesoft.com
1147,www.signatureswimsuits.com
1148,www.silentsurf.com
1149,www.silverlake-2000.com
1150,www.sinklub.com
1151,www.skinzwear.com
1152,www.skirtmag.com
1153,users.skynet.be/lightworkers-tempel/engels.html
1154,users.skynet.be/fa005484/travel/links01.htm
1155,users.skynet.be/sobermind
1156,users.skynet.be
1157,users.skynet.be/lightworkers-tempel/nederlands.html
1158,www.slitfinger.com
1159,www.smellypoop.com
1160,www.somebody.net
1161,www.southern-exposure.com
1162,www.spoontard.com
1163,www.srhproductions.com
1164,www.steakandcheese.com
1165,WWW.STICKDEATH.com
1166,www.stmildreds.org
1167,www.streetdrugs.org
1168,www.stylesswimwear.com
1169,www.subgenius.com/bigfist/answers/articles/ X0013_Drug_Sniffing_Dogs.html
1170,www.subgenius.com
1171,www.submission.org/jews
1172,www.submission.org/terrorism.html
1173,www.submission.org/sermon.html
1174,www.submission.org/ramadan.html
1175,www.submission.org/quran.html
1176,www.submission.org/challenge.html
1177,www.submission.org/jihad
1178,www.submission.org/islam
1179,www.submission.org/home.html
1180,www.submission.org/HADITH2.HTM
1181,www.submission.org
1182,www.submission.org/muhammed/jihad.html
1183,www.suicidegirls.com
1184,www.summum.org
1185,www.summum.org/GOD/godboard.htm
1186,www.summum.org/sexecs
1187,www.summum.org/summum.html
1188,www.suncityinc.com
1189,www.support4xjws.org
1190,surf.to/gaynazisexads
1191,www.sweetwaterswimwear.com
1192,www.swensonfunnies-extreme.com
1193,www.swensonfunnies-extreme.com/ flash/movies/taliban.html
1194,www.swim-n-fit.com
1195,www.swim-n-sport.com
1196,home.swipnet.se
1197,home.swipnet.se/islam/articles/The-Tragedy-of%20Kerbala-II.htm
1198,home.swipnet.se/islam/articles/jehad.htm
1199,home.swipnet.se/islam/A_Personality/contents.htm
1200,home.swipnet.se/islam
1201,home.swipnet.se/aljapa/ridgeback.html
1202,www3.sympatico.ca/zoroastrian
1203,www3.sympatico.ca/untangle/contact.html
1204,www3.sympatico.ca/alanbrown/resource.htm
1205,www3.sympatico.ca/voxfeminarum
1206,www3.sympatico.ca/voxfeminarum/comm_cal.html
1207,www3.sympatico.ca/ncmrevival/Denomination.htm
1208,www3.sympatico.ca/st.mark
1209,www3.sympatico.ca/sjscott
1210,www3.sympatico.ca/sancook/DorvalBahai.html
1211,www3.sympatico.ca/saintalbangrandvalley
1212,www3.sympatico.ca/untangle/avestae.html
1213,www3.sympatico.ca/ivory_andre/agcyouth.htm
1214,www3.sympatico.ca/zoroastrian/leftcol.htm
1215,www3.sympatico.ca
1216,www3.sympatico.ca/benbrahim
1217,www3.sympatico.ca/ebenezer
1218,www3.sympatico.ca/ferguslibrary
1219,www3.sympatico.ca/bibleprophecy
1220,www3.sympatico.ca/ivory_andre
1221,www3.sympatico.ca/ncmrevival/Communion.htm
1222,www3.sympatico.ca/jrm
1223,www3.sympatico.ca/jrm/articles.htm
1224,www3.sympatico.ca/karl.mandjik
1225,www3.sympatico.ca/lucg
1226,www3.sympatico.ca/lucg/silvercircle.html
1227,www3.sympatico.ca/morgaine/devotion.html
1228,www3.sympatico.ca/morgaine/links.html
1229,www3.sympatico.ca/gary.thompson/faithpages
1230,www.systransoft.com
1231,www.systransoft.com
1232,www.talkofthetown.com
1233,www.tantra.com
1234,www.tantra.com/jwala
1235,www.tantra.org
1236,www.tantramagazine.com
1237,www.tantramagazine.com/mainmenu.htm
1238,www.tasteless-jokes.com
1239,www.tatt2addiction.com
1240,www.tcp.com/~prime8/raw/thought.html
1241,www.teenreads.com
1242,www.teenwire.com
1243,www.teenwire.com/takingac/articles/ta_20011120p049.asp
1244,www.terra.es/personal2/monolith/welcome2.htm
1245,www.terra.es/personal2/monolith/00index.htm
1246,www.terra.es
1247,www.terra.es/personal/pcemlm
1248,www.terra.es/personal2
1249,www.terra.es/personal2/monolith
1250,the600club.com
1251,www.the600club.com
1252,www.thecompassionclub.org
1253,www.the-good-way.com/eng/article/a06.htm
1254,www.the-good-way.com/arab/pdff/abible
1255,www.the-good-way.com/eng/intro/i03.htm
1256,www.the-good-way.com/arabic.htm
1257,www.the-good-way.com
1258,www.the-good-way.com/arab
1259,www.thegrace.com
1260,www.thelimit.com
1261,www.theonion.com/onion3001w/marijuana.html
1262,www.theonion.com
1263,test.thespark.com
1264,test.thespark.com/deathtest
1265,www.thickrecords.com
1266,www.thisisacryforhelp.com
1267,www.thongcity.com
1268,www.timbomb.net
1269,tncweddings.com/horoscope.html
1270,www.toiletmuseum.com
1271,www.travelebooks.com
1272,members.tripodnet.nl
1273,www.tsunamisearch.com
1274,www.tsunamisearch.com/search/ njo-online-new-jersey-net
1275,abone.turk.net
1276,www.twoey.com
1277,www.twoey.com/Joke.html
1278,www.twoey.com/Joke.html
1279,www-personal.umich.edu/~airyn/shamanic
1280,pobox.upenn.edu/~davidtoc/books.html
1281,www.usaexotics.com/topten/vote.cgi?average
1282,www.usaexotics.com/display3.htm
1283,www.usamablows.com
1284,www.utopia-asia.com/tips.htm
1285,www.utopia-asia.com
1286,www.uzzi.com
1287,www.uzzi.com
1288,www.vastushastra.org
1289,vaxxine.com
1290,www.vaxxine.com
1291,www.vaxxine.com/fa/notlpl
1292,www.vaxxine.com/fbh
1293,www.vaxxine.com/fbh/main.html
1294,www.vaxxine.com/holytrinity
1295,www.vaxxine.com/vaxxine/calendar/cal_launcher.htm
1296,vaxxine.com/diesel/code/fart.ehtml
1297,homepage.virgin.net/fitzpatrick.m
1298,freespace.virgin.net/christadelphians.eastcov
1299,freespace.virgin.net/john.hardaker/Lucy/lcy-idx.html
1300,freespace.virgin.net/john.hardaker/Lucy/Lynwood.html
1301,freespace.virgin.net/john.hardaker/Lucy/Spt-home.html
1302,freespace.virgin.net/karl_and.gnome
1303,freespace.virgin.net/karl_and.gnome/origins.htm
1304,freespace.virgin.net/mark.fryer
1305,freespace.virgin.net/saint.teresa's
1306,freespace.virgin.net
1307,freespace.virgin.net/p.merlyn
1308,www.volny.cz
1309,www.volny.cz/kocna/sbor/en_sbor1.htm
1310,www.volny.cz/kocna/mainetf.htm
1311,www.volny.cz/jx-studio
1312,www.voodoo.cz/merkava
1313,www.voodoo.cz
1314,www.vopg.org
1315,www.voycabulary.com
1316,www.voycabulary.com
1317,adaweb.walkerart.org/influx/muntadas
1318,adaweb.walkerart.org
1319,www.walnet.org
1320,home.wanadoo.nl
1321,home.wanadoo.nl/ales.mijntje/voetreis-naar-Jeruzalem/preface.html
1322,www.warfarerecords.net
1323,www.watan.com
1324,www.wbr.com/alliance
1325,www.wbr.com/nashville/cmp/reprise.html
1326,www.wbr.com/nashville/cmp/warner.html
1327,www.wbr.com
1328,webalias.com
1329,cards.webshots.com/cats/ramadan.html
1330,cards.webshots.com
1331,www.webspawner.com
1332,www.webspawner.com/USERS/BIBLESTUDENTS
1333,www.webspawner.com/users/davara
1334,www.webspawner.com/users/pottersfield
1335,www.whatwomenwantswimwear.com
1336,www.winnerpage.com/annakournikova
1337,www.winnerpage.com
1338,www.winnerpage.com
1339,ash.xanthia.com
1340,www.xs4all.nl/~gotama
1341,www.xs4all.nl
1342,www.xs4all.nl/~4david/alldrugs.html
1343,www.xs4all.nl/~dethmers/wscf
1344,www.xs4all.nl/~displeas
1345,www.xs4all.nl/~douven/inner.journey
1346,www.xs4all.nl/~eatthis
1347,www.xs4all.nl/~freeserb/ngo/e-index.html
1348,www.xs4all.nl/~wichm/newage3.html
1349,www.xs4all.nl/~hgl
1350,www.xs4all.nl/~in/Poet/VocAll.htm
1351,www.xs4all.nl/~ljg
1352,www.xs4all.nl/~ljg/index_e.html
1353,www.xs4all.nl/~raphael
1354,www.xs4all.nl/~tmad
1355,www.xs4all.nl/~wichm
1356,www.xs4all.nl/~felipe/cos
1357,www.xs4all.nl/~felipe/cos
1358,store.yahoo.com/tropi-ties
1359,store.yahoo.com/sunupsundown
1360,www.yahooka.com
1361,yours.at/ajinsg
1362,yours.at
1363,yours.at
1364,www.zpub.com
1365,www.zyworld.com/newlifesda/home.htm
1366,www.zyworld.com/LakeCrest
1367,www.zyworld.com/_zyworld/enhance.htm
1368,www.zyworld.com
1369,www.zyworld.com
1370,www.101rentboys.com
1371,www.1-marijuana-seeds.com
1372,www.360marijuana.com
1373,www.4-1-1.com/ugly/index.htm
1374,www.420station.com
1375,www.4marijuana.com
1376,www.4-pissing.com
1377,www.4swimwear.com
1378,www.900documentary.com
1379,www.900documentary.com
